name,time/op (ns/op),±
Gol/16x16x1000-1-8,2.46338E+07,7%
Gol/16x16x1000-2-8,2.55277E+07,8%
Gol/16x16x1000-3-8,2.43012E+07,3%
Gol/16x16x1000-4-8,2.73298E+07,30%
Gol/16x16x1000-5-8,2.97079E+07,40%
Gol/16x16x1000-6-8,3.01283E+07,15%
Gol/16x16x1000-7-8,2.57443E+07,3%
Gol/16x16x1000-8-8,2.68177E+07,8%
Gol/16x16x1000-9-8,2.52789E+07,3%
